[
{
  "model": "chatapp.profile",
  "pk": 1,
  "fields": {
    "name": "DEFAULT",
    "document": null,
    "notes": "",
    "token": "SERIAL_AQUI",
    "djson": {
      "app_url": "http://local_do_sistema:8000/ws",
      "app_token": "TOKEN_SISTEMA_AQUI"
    }
  }
},
{
  "model": "chatapp.source",
  "pk": 1,
  "fields": {
    "profile": 1,
    "ctype": "whatsapp",
    "name": "WhatsApp Chat",
    "username": null,
    "password": null,
    "atoken": "",
    "vtoken": "",
    "pageid": "",
    "active": true,
    "old": false,
    "old_date": "2022-02-12T10:13:18",
    "token": null
  }
},
{
  "model": "chatapp.script",
  "pk": 1,
  "fields": {
    "profile": null,
    "description": "Consulta Cliente",
    "script_file": "/scripts/sgp-consulta.py",
    "active": true
  }
},
{
  "model": "chatapp.script",
  "pk": 2,
  "fields": {
    "profile": null,
    "description": "2via boleto",
    "script_file": "/scripts/sgp-2via.py",
    "active": true
  }
},
{
  "model": "chatapp.script",
  "pk": 3,
  "fields": {
    "profile": null,
    "description": "Chamado",
    "script_file": "/scripts/sgp-chamado.py",
    "active": true
  }
},
{
  "model": "chatapp.script",
  "pk": 4,
  "fields": {
    "profile": null,
    "description": "Libera\u00e7\u00e3o",
    "script_file": "/scripts/sgp-liberacao.py",
    "active": true
  }
},
{
  "model": "chatapp.script",
  "pk": 5,
  "fields": {
    "profile": null,
    "description": "Verificar Acesso",
    "script_file": "/scripts/sgp-verificaracesso.py",
    "active": true
  }
},
{
  "model": "chatapp.filter",
  "pk": 1,
  "fields": {
    "description": "#ajuda",
    "filter_match": "iexact",
    "check": "#ajuda",
    "reply": "",
    "replygroup": true,
    "script": null,
    "menu": 4,
    "active": true,
    "contacts": [],
    "contactslist": [],
    "sources": []
  }
},
{
  "model": "chatapp.menu",
  "pk": 1,
  "fields": {
    "description": "Menu Principal",
    "message": "Bem vindo ao {PROVEDOR_NAME} \r\n1 - Suporte\r\n2 - Financeiro\r\n3 - Vendas",
    "message_alt": "",
    "retry": 10,
    "invalid_option_message": "Op\u00e7\u00e3o inv\u00e1lida, favor informar as op\u00e7\u00f5es abaixo.",
    "default": true
  }
},
{
  "model": "chatapp.menu",
  "pk": 2,
  "fields": {
    "description": "Menu Suporte",
    "message": "Menu Suporte\r\n1 - Sem acesso\r\n2 - Acesso lento\r\n3 - Problema na abertura de algumas p\u00e1ginas\r\n9 - Encerrar atendimento\r\n0 - Retornar ao menu anterior\r\n# - Falar com atendente.",
    "message_alt": "Menu Suporte\r\n1 - Sem acesso\r\n2 - Acesso lento\r\n3 - Problema na abertura de algumas p\u00e1ginas\r\n9 - Encerrar atendimento\r\n0 - Retornar ao menu anterior\r",
    "retry": 10,
    "invalid_option_message": "Op\u00e7\u00e3o inv\u00e1lida, favor digitar uma das op\u00e7\u00f5es abaixo.",
    "default": false
  }
},
{
  "model": "chatapp.menu",
  "pk": 3,
  "fields": {
    "description": "Menu Financeiro",
    "message": "1 - 2\u00aa via do boleto\r\n2 - Promessa de pagamento\r\n3 - Altera\u00e7\u00e3o de vencimento\r\n0 - Retornar menu anterior\r\n9 - Encerrar atendimento\r\n# - Falar com atendente",
    "message_alt": "1 - 2\u00aa via do boleto\r\n2 - Promessa de pagamento\r\n3 - Altera\u00e7\u00e3o de vencimento\r\n0 - Retornar menu anterior\r\n9 - Encerrar atendimento",
    "retry": 10,
    "invalid_option_message": "Op\u00e7\u00e3o inv\u00e1lida. Favor informar uma das op\u00e7\u00f5es abaixo.",
    "default": false
  }
},
{
  "model": "chatapp.menu",
  "pk": 4,
  "fields": {
    "description": "Identificacao Cliente",
    "message": "Seja bem-vindo ao . \r\nDigite CPF/CNPJ do assinante.\r\n\r\nSe n\u00e3o for cliente,\r\nDigite 0 para falar com um dos nossos atendentes.\r\nDigite 2 para consultar nossos planos.",
    "message_alt": "Seja bem-vindo ao . \r\nDigite CPF/CNPJ do assinante.\r\nDigite 2 para consultar nossos planos.\r\nNo momento, estamos fora do hor\u00e1rio de atendimento",
    "retry": 10,
    "invalid_option_message": "",
    "default": true
  }
},
{
  "model": "chatapp.menu",
  "pk": 5,
  "fields": {
    "description": "Menu Vendas",
    "message": "1 - Planos\r\n0 - Retornar menu anterior\r\n# - Falar com atendente.",
    "message_alt": "1 - Planos\r\n0 - Retornar menu anterior.",
    "retry": 10,
    "invalid_option_message": "",
    "default": false
  }
},
{
  "model": "auth.group",
  "pk": 1,
  "fields": {
    "name": "Suporte",
    "permissions": []
  }
},
{
  "model": "auth.group",
  "pk": 2,
  "fields": {
    "name": "Financeiro",
    "permissions": []
  }
},
{
  "model": "auth.group",
  "pk": 3,
  "fields": {
    "name": "Vendas",
    "permissions": []
  }
},
{
  "model": "cauth.user",
  "pk": 1,
  "fields": {
    "password": "pbkdf2_sha256$150000$y5QD5KU8vMs4$ItuxppIcwnrLwwc9UwjrJ8qgDibuN1VnazLLxR+xUq0=",
    "last_login": "2020-02-12T15:06:03.592",
    "is_superuser": true,
    "username": "admin",
    "name": "",
    "email": "",
    "is_staff": true,
    "is_active": true,
    "is_deleted": false,
    "date_joined": "2020-02-12T10:13:56",
    "ramal": null,
    "groups": [
      1,
      2,
      3
    ],
    "user_permissions": [],
    "acls": []
  }
},
{
  "model": "cauth.user",
  "pk": 2,
  "fields": {
    "password": "pbkdf2_sha256$150000$JkPAvpyPZ91D$mMk4N7Fr9Ze0LZDP5zLbisL6Ej7kTg+7ercFmn08wBs=",
    "last_login": null,
    "is_superuser": true,
    "username": "bot",
    "name": "",
    "email": "",
    "is_staff": false,
    "is_active": true,
    "is_deleted": false,
    "date_joined": "2020-02-12T10:30:21",
    "ramal": null,
    "groups": [],
    "user_permissions": [],
    "acls": []
  }
},
{
  "model": "cauth.user",
  "pk": 3,
  "fields": {
    "password": "pbkdf2_sha256$150000$whlVhnAt4pHn$G9VtvuxEzIcEm5YTQi+VOuADY8gwA/G8MnnKpwiy0z0=",
    "last_login": "2020-02-12T14:30:06",
    "is_superuser": false,
    "username": "atendente",
    "name": "",
    "email": "",
    "is_staff": true,
    "is_active": true,
    "is_deleted": false,
    "date_joined": "2020-02-12T14:29:40",
    "ramal": null,
    "groups": [
      1,
      2,
      3
    ],
    "user_permissions": [
      28
    ],
    "acls": []
  }
},
{
  "model": "chatapp.menuitem",
  "pk": 1,
  "fields": {
    "menu": 2,
    "seq": 1,
    "option": "1",
    "message": "Voc\u00ea escolheu a op\u00e7\u00e3o sem acesso. Estamos verificando o acesso.",
    "input_data": false,
    "image": "",
    "option_menu": null,
    "updategroup": 1,
    "leave_group": false,
    "script": 5,
    "group_chat": false,
    "leave_chat": false,
    "no_agent": true,
    "active": true
  }
},
{
  "model": "chatapp.menuitem",
  "pk": 2,
  "fields": {
    "menu": 2,
    "seq": 2,
    "option": "2",
    "message": "Voc\u00ea escolheu a op\u00e7\u00e3o acesso lento. Estamos verificando o uso da sua conex\u00e3o.",
    "input_data": false,
    "image": "",
    "option_menu": null,
    "updategroup": null,
    "leave_group": false,
    "script": 5,
    "group_chat": false,
    "leave_chat": false,
    "no_agent": true,
    "active": true
  }
},
{
  "model": "chatapp.menuitem",
  "pk": 3,
  "fields": {
    "menu": 2,
    "seq": 3,
    "option": "3",
    "message": "Voc\u00ea informou problemas na abertura de outras p\u00e1ginas. Estamos abrir um chamado...",
    "input_data": false,
    "image": "",
    "option_menu": null,
    "updategroup": null,
    "leave_group": false,
    "script": 3,
    "group_chat": false,
    "leave_chat": false,
    "no_agent": true,
    "active": true
  }
},
{
  "model": "chatapp.menuitem",
  "pk": 4,
  "fields": {
    "menu": 2,
    "seq": 1,
    "option": "0",
    "message": "",
    "input_data": false,
    "image": "",
    "option_menu": 1,
    "updategroup": null,
    "leave_group": false,
    "script": null,
    "group_chat": false,
    "leave_chat": false,
    "no_agent": true,
    "active": true
  }
},
{
  "model": "chatapp.menuitem",
  "pk": 5,
  "fields": {
    "menu": 1,
    "seq": 1,
    "option": "1",
    "message": "",
    "input_data": false,
    "image": "",
    "option_menu": 2,
    "updategroup": 1,
    "leave_group": false,
    "script": null,
    "group_chat": false,
    "leave_chat": false,
    "no_agent": true,
    "active": true
  }
},
{
  "model": "chatapp.menuitem",
  "pk": 6,
  "fields": {
    "menu": 1,
    "seq": 2,
    "option": "2",
    "message": "",
    "input_data": false,
    "image": "",
    "option_menu": 3,
    "updategroup": 2,
    "leave_group": false,
    "script": null,
    "group_chat": false,
    "leave_chat": false,
    "no_agent": true,
    "active": true
  }
},
{
  "model": "chatapp.menuitem",
  "pk": 7,
  "fields": {
    "menu": 3,
    "seq": 1,
    "option": "1",
    "message": "Estamos consultando 2 via de boleto em aberto. S\u00f3 um momento.",
    "input_data": false,
    "image": "",
    "option_menu": null,
    "updategroup": null,
    "leave_group": false,
    "script": 2,
    "group_chat": false,
    "leave_chat": false,
    "no_agent": true,
    "active": true
  }
},
{
  "model": "chatapp.menuitem",
  "pk": 8,
  "fields": {
    "menu": 3,
    "seq": 2,
    "option": "2",
    "message": "Estamos processando a sua requisi\u00e7\u00e3o.",
    "input_data": false,
    "image": "",
    "option_menu": null,
    "updategroup": null,
    "leave_group": false,
    "script": 4,
    "group_chat": false,
    "leave_chat": false,
    "no_agent": true,
    "active": true
  }
},
{
  "model": "chatapp.menuitem",
  "pk": 9,
  "fields": {
    "menu": 3,
    "seq": 10,
    "option": "0",
    "message": "",
    "input_data": false,
    "image": "",
    "option_menu": 1,
    "updategroup": null,
    "leave_group": false,
    "script": null,
    "group_chat": false,
    "leave_chat": false,
    "no_agent": true,
    "active": true
  }
},
{
  "model": "chatapp.menuitem",
  "pk": 10,
  "fields": {
    "menu": 3,
    "seq": 99,
    "option": "#",
    "message": "Estamos encaminhando solicita\u00e7\u00e3o para setor respons\u00e1vel. Aguarde que iremos atend\u00ea-lo.",
    "input_data": false,
    "image": "",
    "option_menu": null,
    "updategroup": 2,
    "leave_group": false,
    "script": null,
    "group_chat": true,
    "leave_chat": false,
    "no_agent": false,
    "active": true
  }
},
{
  "model": "chatapp.menuitem",
  "pk": 11,
  "fields": {
    "menu": 1,
    "seq": 0,
    "option": "???",
    "message": "Digite CPF/CNPJ do Assinante.",
    "input_data": false,
    "image": "",
    "option_menu": 2,
    "updategroup": null,
    "leave_group": false,
    "script": null,
    "group_chat": false,
    "leave_chat": false,
    "no_agent": true,
    "active": true
  }
},
{
  "model": "chatapp.menuitem",
  "pk": 12,
  "fields": {
    "menu": 4,
    "seq": 1,
    "option": "???",
    "message": "",
    "input_data": true,
    "image": "",
    "option_menu": 1,
    "updategroup": null,
    "leave_group": false,
    "script": 1,
    "group_chat": false,
    "leave_chat": false,
    "no_agent": true,
    "active": true
  }
},
{
  "model": "chatapp.menuitem",
  "pk": 13,
  "fields": {
    "menu": 2,
    "seq": 98,
    "option": "9",
    "message": "Obrigado por escolher {PROVEDOR_NAME} .",
    "input_data": false,
    "image": "",
    "option_menu": null,
    "updategroup": null,
    "leave_group": false,
    "script": null,
    "group_chat": false,
    "leave_chat": true,
    "no_agent": true,
    "active": true
  }
},
{
  "model": "chatapp.menuitem",
  "pk": 14,
  "fields": {
    "menu": 3,
    "seq": 98,
    "option": "9",
    "message": "Obrigado por escolher {PROVEDOR_NAME}. At\u00e9 a pr\u00f3xima.",
    "input_data": false,
    "image": "",
    "option_menu": null,
    "updategroup": null,
    "leave_group": false,
    "script": null,
    "group_chat": false,
    "leave_chat": true,
    "no_agent": true,
    "active": true
  }
},
{
  "model": "chatapp.menuitem",
  "pk": 15,
  "fields": {
    "menu": 1,
    "seq": 3,
    "option": "3",
    "message": "",
    "input_data": false,
    "image": "",
    "option_menu": 5,
    "updategroup": 3,
    "leave_group": false,
    "script": null,
    "group_chat": false,
    "leave_chat": false,
    "no_agent": true,
    "active": true
  }
},
{
  "model": "chatapp.menuitem",
  "pk": 16,
  "fields": {
    "menu": 5,
    "seq": 1,
    "option": "1",
    "message": "Plano 50M - 80,00\r\nPlano 60M - 90,00\r\nPlano 100M - 130,00",
    "input_data": false,
    "image": "",
    "option_menu": null,
    "updategroup": null,
    "leave_group": false,
    "script": null,
    "group_chat": false,
    "leave_chat": false,
    "no_agent": true,
    "active": true
  }
},
{
  "model": "chatapp.menuitem",
  "pk": 17,
  "fields": {
    "menu": 4,
    "seq": 1,
    "option": "2",
    "message": "",
    "input_data": false,
    "image": "",
    "option_menu": 5,
    "updategroup": null,
    "leave_group": false,
    "script": null,
    "group_chat": true,
    "leave_chat": false,
    "no_agent": false,
    "active": true
  }
},
{
  "model": "chatapp.menuitem",
  "pk": 18,
  "fields": {
    "menu": 4,
    "seq": 1,
    "option": "0",
    "message": "Voc\u00ea escolheu falar com um dos nossos atendentes.\nDigite #ajuda para voltar ao menu principal e  escolher outras op\u00e7\u00f5es.",
    "input_data": false,
    "image": "",
    "option_menu": null,
    "updategroup": null,
    "leave_group": false,
    "script": null,
    "group_chat": true,
    "leave_chat": false,
    "no_agent": false,
    "active": true
  }
},
{
  "model": "chatapp.menuitem",
  "pk": 19,
  "fields": {
    "menu": 2,
    "seq": 4,
    "option": "#",
    "message": "Estamos encaminhando para atendimento. Se quiser retornar para o menu inicial do atendimento, digite #ajuda",
    "input_data": false,
    "image": "",
    "option_menu": null,
    "updategroup": null,
    "leave_group": false,
    "script": null,
    "group_chat": true,
    "leave_chat": false,
    "no_agent": false,
    "active": true
  }
},
{
  "model": "chatapp.menuitem",
  "pk": 20,
  "fields": {
    "menu": 5,
    "seq": 1,
    "option": "0",
    "message": "",
    "input_data": false,
    "image": "",
    "option_menu": 1,
    "updategroup": null,
    "leave_group": false,
    "script": null,
    "group_chat": false,
    "leave_chat": false,
    "no_agent": true,
    "active": true
  }
},
{
  "model": "chatapp.menuitem",
  "pk": 21,
  "fields": {
    "menu": 5,
    "seq": 1,
    "option": "#",
    "message": "Estamos encaminhando para o atendimento",
    "input_data": false,
    "image": "",
    "option_menu": null,
    "updategroup": 3,
    "leave_group": false,
    "script": null,
    "group_chat": true,
    "leave_chat": false,
    "no_agent": false,
    "active": true
  }
}
]
